component,explained_variance_ratio
1,0.09788567
2,0.07298105
3,0.061771333
4,0.05475851
5,0.05001765
6,0.043268185
7,0.032007165
8,0.0293367
9,0.027212333
10,0.024283377
