feature_space,cv_accuracy_mean,cv_accuracy_std
PCA 50D,0.9425000000000001,0.007984359711335664
Original 784D,0.93,0.007202430145443945
t-SNE 2D,0.9275,0.012221906561580344
